{"cameraMode":{"drawMode":0,"name":"Shaded","section":"Shading Mode"},"sceneLighting":false,"audioPlay":false,"sceneViewState":{"showFog":true,"showMaterialUpdate":false,"showSkybox":true,"showFlares":true,"showImageEffects":true,"showParticleSystems":true},"in2DMode":false,"pivot":{"x":348.0102233886719,"y":38.61155319213867,"z":547.6116943359375},"rotation":{"x":0.0322510190308094,"y":-0.7981238961219788,"z":-0.04289097711443901,"w":-0.6001003384590149},"size":37.97624969482422,"orthographic":false}